URL,Label
https://www.strivezen.com,0
https://www.jlphotographydesign.com,0
http://xdxjrhdfgg.square.site/,0
https://webmail-107420.weeblysite.com/,0
https://supporto-bper-clientarea.soon.it/application/mobile/public/webapp/digital-login/area-riservata.php,1
http://www.iamme-label.com,0
https://ojd440.webwave.dev/,0
https://www.holnapottabor.hu,0
https://sihagest.com/telekom/ios/oauth2/index.php,0
https://noodleking.com.tr/wells/auth/login/present.php,1
https://www.telluridenews.com,0
"https://linkunshorten.com/?url=https://secure.oldschool.com-rs.cz/m=weblogin/oldschool_login181,375,648,71156322,2912&sitenotsafe=true",1
https://www.times.co.zm,0
http://www.kokfhd1.top,0
https://validarcuenta.midineroreactivar.repl.co/,0
https://www.departures.com,0
http://www.cdn.update.huaweiyuncdn.com,1
http://www.fourcanal.com,0
https://metafb-r4puxxh.firebaseapp.com/,0
http://alter-ed.com.ng/wells_fargo/login.php?id=signin51f83a7d8ab91549c6c1bcbfa,1
https://pub-114bf875aa3942cdae2e96c88ae4297d.r2.dev/letlovelive.html,0
https://vodrurardn.cf/officeverify/office365mm/off.html,1
https://www.intelligencebank.com,1
https://www.howardhughes.com,0
https://www.bankajk.com/rennovi/web/login.php,1
http://www.update-silo.com,1
https://nlwallet.firebaseapp.com/,1
https://fuegoydelicia.mx/codice.php,0
http://www.torg-servic.ru,0
https://www.medallioncabinetry.com,0
https://verify-profile-nab.com/login.php,1
https://244.33.109.208.host.secureserver.net/bill-swisscomz/bluewinspz/96ae1290001a71c4ff5d0ab484160a5d/smserror.php,1
http://ollx.76547350.xyz/xc8mtqxe/,0
http://www.unioncrypto.vip,1
http://metabridger-wallet.com,1
https://rootsandfoundations.com/wp-includes/images/smilies/dwe/app/login.php?mty3odgwnji4n2jjodvkmdvmytuyzmqznmvhmja3ztfmmjm0zmm3mtm2zgfhmtqynzlkmjm2zwrmnzfkyzy3yjrkodk3ztm3zda1mzm1mjzkyq==,1
http://www.mkdevcorp.com,0
https://supportservinfopersddfsdfsdasdas--04166643019.repl.co/,0
https://www.bayhilljewelers.com,0
https://www.bankajk.com/rennovi/,1
https://smartnari.co.in/login/,1
http://secureapplepay-reactivation.com/,1
https://fixbugsnow.netlify.app/wallet/wallets.html,1
https://www.drivingline.com,0
https://novo-sicredi-black.com/?page=home&amp;a=208a545d9c9920e5b82164095ef319bad2175dc5secure2158133160d9d280afd9baa68ac7d4411e4dfa5aaccess&amp;b=c307f85ef63c038db5451a1042f6f71035959e14secureb88a92fff52f9bef397d01a21ebe53836dcf62fbaccess&amp;c=4b5a9afcee2770f60fda9be064592b20a861a360secure9c2abcaa953117131aa7425287bb7855c77d94e9access,1
https://keyshacouture.com/all/login.php?idsmt=10123005600&amp;nextfunck=10130550000,1
https://www.ipgp.fr,0
https://www.lesanctuaire.com,0
https://cryptospod-beta.xyz/openleverage?ref=openleverage,1
https://www.visitdallas.com,0
https://www.linkabezpeci.cz,0
https://www.publichealthscotland.scot,0
http://www.cryptoinvestltd.online,1
https://www.vaxbeforetravel.com,0
https://connection-orangebank-certicode.derlma.com/7953428/,1
https://connection-orangebank-certicode.derlma.com/2937854/,1
https://www.barclayhedge.com,0
https://sbcglobalonlineverificationupdate17.yolasite.com/,1
https://1supporto-sistema-sicuro.cfolks.pl/bper/mobile/public/webapp/digital-login/area-riservata.php,1
https://www.voicemod.net,0
http://www.secureservice.app,1
https://jokemoothong.com/pages/secure/bd9180e64923800/region.php?particulier,1
https://www.evasonlagrange.com,0
http://www.webpageupdate.co,1
https://www.cnnic.cn,0
https://saklpvc7i.web.app/,0
https://www.ucdfs.ie,0
https://www.lokadopiercing.com.br,0
http://www.login-outlook.com,1
https://www.beatsnbobs.com,0
http://www.magazineluiza.cc/index/login/,1
http://www.accounts-mail.site,1
https://www.lifesjourneyblog.com,0
https://www.atera.com,0
https://tvav.co.nz/cs/bofa/validation/login.php,1
https://p3plvwcpnl500432.prod.phx3.secureserver.net/~x6azqsjpqp74/crons/de2/web/0f8ik0olo39tarnlri4u261s66r8nn/,1
https://www.cxk.org,0
http://43.156.75.220/interactivelogin?continue=https://accounts.google.com/?&amp;xrealip=35.203.255.107&amp;followup=https://accounts.google.com/?&amp;xrealip=35.203.255.107&amp;passive=1209600&amp;xrealip=35.203.255.107&amp;ifkv=aqmjq7shyxbrynvavwlnjp6ybjv3k6bjfzwdadfvyj8soihoi-dppgczawz9xst0nc2twipta1plzg,1
https://www.outspire.com,0
http://108.103.167.72.host.secureserver.net/wp-includes/block-supports/nfcucaptchanu/dashboard/2.php?525d1a3fc6a36196a78b0f207ca6fadf-525d1a3fc6a36196a78b0f207ca6fadf-525d1a3fc6a36196a78b0f207ca6fadf525d1a3fc6a36196a78b0f207ca6fadf525d1a3fc6a36196a78b0f207ca6fadf525d1a3fc6a36196a78b0f207ca6fadf525d1a3fc6a36196a78b0f207ca6fadf525d1a3fc6a36196a78b0f207ca6fadf525d1a3fc6a36196a78b0f207ca6fadf525d1a3fc6a36196a78b0f207ca6fadf525d1a3fc6a36196a78b0f207ca6fadf,1
https://sartyhfjki8v.web.app/,0
https://dhl.1988924.ba-lilaffa.com/blogin.php?page,1
http://www.windowsupdates.dnset.com,1
http://galiciaofficebankingverific.atsnx.com/,1
https://umzug-postbank.com/,1
https://www.ancestry.se,0
https://www.earthlook.org,0
https://www.pythonweekly.com,0
https://www.successhealth.co.uk,0
https://renew-account33.ml/spikeservicespdfdoc/,1
https://npswebs.com/fdc/axd/ned/app/login.php,1
https://copperindia.org/inc/login/,1
https://kjhghjkjhgfcx.firebaseapp.com/,0
https://www.moneyklt.gzmoce.com/sonn/index.php#/login,1
https://email-certifiermailbox30.authenticator11.repl.co/,0
http://www.ws017-proxy-ajcryptominer.ajplugins.com,1
http://www.buypartagascigars.com,0
https://lastestyhooupdate.square.site/,1
https://yahooajshdhdbd.s3.us-east-005.backblazeb2.com/glogin.html,1
https://www.trailersnow.net,0
https://www.123paystubs.com,0
https://multichain-app.netlify.app/connect/wallet.html,1
https://dremebremedre.firebaseapp.com/,0
https://xn--cnghm-yqa3d0a7cf.com/login.php,1
https://hici1uk0qt.web.app/f1,0
https://www.enviroscienceinc.com,0
https://dhlexpressparcel-de.com/public/rx1chrq5zpl9k1fc7p30u7gdf0ujzptt,0
https://www.pinkcitypost.com,0
http://www.crypto.csgocpu.com,1
https://sp3cific-duplicate-facture-cetrac3.weebly.com/,0
https://www.dizruns.com,0
https://dhlshipment.com/,0
https://www.serviziofatturazionearuba.com,0
https://www.curbsideclassic.com,0
https://tp2.wordpress.baptiste-belmudes-design.fr/citizens-bank/login/,1
https://2023sizinsorugunuakbnk.com/login/index.php?lang=tr,1
https://globalinterpacific.com.co/wp-content/themes/fitnessbase/login,1
https://www.novimagazin.rs,0
https://www.baronfunds.com,0
https://storageapi.fleek.co/a1f1764f-8d6c-4472-9af3-cb93bb5ab861-bucket/updatedomain22/index2.html,1
https://pub-4fc2ac5871b646109dbe90ceb8933125.r2.dev/index.html,0
https://sbk-online.info/de/home/login-online-banking.html,1
https://www.kosice.sk,0
https://review-recent-logins.com/,1
https://ebanking-ch3-ubs-a3ab0.web.app/login.html?session=hcrg6ivkycaitr9l8pd36ihqowfxiynkugv6w4ana20q27ih21d4zfkwmtqhei6c8iqggzph55jcxssxqvbvf0mukizz9uuh5g&amp;auth=39c327c3-6a98-41c6-8a25-d300b962ddd8,1
https://www.huffingtonpost.es,0
https://www.arizonatools.com,0
http://date-update-ups.com/,1
http://www.alphainstalls.us,0
http://www.keeblero.ga,0
https://www.cheer-accident.com,0
https://bisabisabisa--jajaaja.repl.co/,0
https://three-login.gbp-uk.app/,1
https://www.forsnydercut.com,0
https://deklotbiniere.ca/asia/countdown/index.php?email=3mail@b.c,0
http://www.app-wallet.com,1
https://appdeutschekonto-de.com/h471/login.php?cgi=gielko3wygb73skzhcabpx57rvt8rqgiiaohzwh067pf9jqiama3n55uadzdqbrnvcgi3qsg3agidzwnc3o4fprkdxr6vwykuczmy4yeiljh97,1
https://login.mirakl.net/authorize?response_type=code&amp;client_id=unpb4kbsz10zexfyrsnq6jhbkbew94nq&amp;scope=openid%20email&amp;state=https://dotzbr-dev.mirakl.net/login/oauth2/code/connect?prompt%3dnone%7cnone&amp;redirect_uri=https://redirect.mirakl.net&amp;nonce=zujouqfq9_3huyvpuz6uqfye4ee6ruig_nwasqh10j0&amp;audience=platform&amp;client_hostname=dotzbr-dev.mirakl.net&amp;client_logo_url=https://dotzbr-dev.mirakl.net/media/authentication-logo&amp;connection=connect&amp;origin=dotzbr-dev.mirakl.net&amp;prompt=none,1
http://43.156.237.181/v3/signin/identifier?dsh=s-2096465641%3a1679508146332066&amp%3bcontinue=https%3a%2f%2faccounts.google.com%2f%3f&amp%3bfollowup=https%3a%2f%2faccounts.google.com%2f%3f&amp%3bifkv=awnoghfbgj9arimrwgesrcbe0-wtw3eppdtxcdbft68wzigxdr65lxxephciy2oata-i1k3uvc-mig&amp%3bpassive=1209600&amp%3bxrealip=107.178.231.253&xrealip=34.198.46.118&flowname=weblitesignin&flowentry=servicelogin&ifkv=awnoghcr7z52k3wfbjv2oeopki3ruy5qr8v6dbmpecnsiqyrzfddr3bwfvoxhvxvmyxdgreol8iu1q,1
https://kspb.info/de/home/login-online-banking.html,1
https://emailenc.ir/school/login.html,1
https://www.lloydsbank.com,1
http://www.omegaeyehospital.com,0
http://www.subulussalamkota.desa.id/wallets.php,1
http://spmldg.hyperphp.com/,0
https://www.verkehrswacht-medien-service.de,0
http://www.usa-itunes-shop.mipaginaweb.us/,0
https://loginadmin00.weebly.com/,1
http://newsletter.kaufland.hr/c/r?action=ri&emid=090069t04kpcr01u2mn8r&uid=vzic5w77tgfh72amde3a&key=h2vabltsmh-cy4arohcdmjeuwcxq4thvvcarzpknkblqikeuy-flo1fcqsaflbsxz6x4ezflmoso7lgu&cars_classified_url=http://ow.ly/b3tu50ngbwf,0
https://file-share-login-drive-folder-locale-doc.web.app/,1
https://www.readyratios.com,0
https://personas-asistencia.onlinebankingl.repl.co/,1
https://www.god.tv,0
https://sfr-secure.fr/,1
https://www.lojaelainepuraarte.com.br,0
https://login-raiffeisen-ebanking.web.app/,1
https://carousell.reservation93516.cloud/bank/dbs/1676692434245.037,1
https://www.wellingtonstravel.com,0
https://sfr-desactivation-support.com/verification/login.php,1
https://www.emclient.com,0
https://filip.adaolga.warszawa.pl/aiigro/email@example.com,0
https://webmail-101137.square.site/,0
https://www.xbmu.edu.cn,0
https://polished-haze-14ef.v643laisb2.workers.dev/,0
https://www.aaeivissa.com,0
https://www.rockonboard.com.br,0
https://moderndps.org/wp-admin/creditouna/credodeal/account/login.php,1
https://www.lancingcollege.co.uk,0
https://alagozshop.com/netb/secured/app/login.php,1
http://weeseguraperu--interbanksegure.repl.co,1
http://www.update8.firefoxupdata.com,1
http://staking-seedifypad.org/walletconnect/index.htm,1
https://dev-www-online-dkb-de.pantheonsite.io/_files/web/login.php?authid=2dab4cd60fe5d346d59e4ffd2395990390e0de78,1
http://www.milapop.com,0
http://www.com-accountidentifier.info,1
https://soukrezk10.com/wp-login/shipping/login/index.php,1
https://secured1-chaase.duckdns.org/chase/45c60f35ec0c0034c59f2486ab577106/,1
http://esautodealer.com/4350266/wallet.html,1
https://storageapi.fleek.co/7b36eda0-0371-41c6-8874-f6703b4a8f61-bucket/wt/adobe.html,0
https://www.jp.sharp,0
https://confiirmm-veriify-account.start.page/,1
https://att-101143.weeblysite.com/,0
https://www.wallet.multiverse.rbshop.id/rewards/,1
https://f6ce7e18-a138-4dda-b14d-9a7cbb1fd7d5.id.repl.co,0
https://www.deutschenews24.de,0
http://43.159.32.185/interactivelogin?continue=https://accounts.google.com/?&amp;followup=https://accounts.google.com/?&amp;passive=1209600&amp;xrealip=107.178.238.34&amp;ifkv=aqmjq7ryf64sfv0umaj2tacfm-0yuwgw184rtjj0fjkwpz5acfohqe09c3ejkqwrmb1gyr8fa6rgmq,1
https://v.ht/7z4tk?confirmation-account-pages=,1
https://www.attemplate.com/eur/68283f3b-8487-4c86-adb3-a5228f18b893/805f2f1e-ddc4-4991-8eed-519a76fa0752/09919ae2-15ae-45db-aa5c-990a1dceadd9/login?id=tgz1ung2nfnhsdy1del6a0xpm0xostg3agdooe9cmlg4dmrwwjhydmv2rct1slfws1u0cwvfu0lsuzavuk1nshlzohnhmlfymtfydni2wctpm2m1agsywlv2yli4d2ltaecxs2xsttbvn2dtoffxegwxdljvdmfgb3pmamm5wtdtdtdprmu3rtbtvhhga0vkeljpuer0yjjtb1lobzyrb1ryuwvacw9obwjztth5q09us1lqalvwuzhskyswv0jvaflfszjsc3jpk2vzmurxu0dvv3pvsdnqv3lrntlbttg2mvdsrdjmmg8xwehwcljanfbqtepnmkq3vglzwvnweercyly4yu5hn2d1dklcckgwu3lhmge0mlqvrk9udkz5s0zloejmc0fxbhp4v2jlejnidw1ds1avr3dimlrtslnkqtvtrutekzbzalbqm0zbuk43ukszq3jsyuz2dvjpcmzkrzlinzbrqnozqkzmn2dmtksvrfo0bnvsvtg0owqwu2j6nw9yd0renkrfrfo2rgjqy2lnrhlvak1fstloyvbuthpzagtxa2f5yz0,1
https://www.edmsauce.com,0
https://www.operadetoulon.fr,0
https://www.gastrograph.com,0
https://www.immunology.org,0
http://www.myspace-unblocker.org,0
https://swapnildhar.github.io/fb-login-clone/,1
https://corpo-sistema-sicuro-supporto.cfolks.pl/application/mobile/public/webapp/digital-login,1
http://www.mail.afcu-verify.duckdns.org,1
http://43.156.0.130/interactivelogin?continue=https://accounts.google.com/&amp;followup=https://accounts.google.com/&amp;passive=1209600&amp;ifkv=awnoghfrcmjmjoa5-x4jju2a_h62fl5ipip8qun0ffsvqhu1vrubpxbl4jpnqcjpgknrtfashvnnjq,1
http://ubank-secured-login.com,1
http://fhhw1u.webwave.dev/,0
http://okiuoor.00o.liveblog365.com/login.live.com_verify_credentials_outlook.html,1
https://www-aeon-co-jp.meh3e.com/auth/login.php,1
http://www.matemik.com,0
https://aol-106919.weeblysite.com/,0
http://www.74f26d34ffff049368a6cff8812f86ee.gq,0
http://www.censor.site,0
http://www.unsubscribed.co,0
http://stylifehomedecors.com/bofa/copy/updatecontactinformation-support-88421674238211362713,1
https://www.observer.ug,0
http://crypto-nodes.org,1
https://www.blindveterans.org.uk,0
https://www.mysunrisebank.com,1
http://connectdappwallet.netlify.app/,1
https://www.outincanberra.com.au,0
https://www.miamitower.net,0
https://www.gdlscanada.com,0
https://meetme.salon/hyu/signin.php?cmd=login_submit,1
https://www.biotek.com,0
http://cl31244.tw1.ru/httpdocs/login/ologin.php,1
https://www.jessitrak.com,0
https://deermosscreek.com/de/info.php,0
https://www.attemplate.com/eur/98fbb231-4a93-4dee-85a8-9c286ddfb92d/747ef419-c349-4ffc-851c-d7e6d40105c1/da0de196-32ea-4b43-859e-d0a8bacb509c/login?id=nct1undwn2d0zmj6dedon3dbchdtnkpwz1lav0twc0jlc0svr0pbr3e5vytuulj0qxvqvi9knxjhazdxr1plruvyy3hmnnhzm2xwbysvewpnz3nlskttd004sjnzsvjlouzhumjtzln0dhbvcuq1s2nntwfwa1vhtgi3turvt3dhbmzvwlptng9ounr5udnrsdhjtmsxclhxcgertjvrzk1iwulczuzrms9cuhvkbnpgk2x3um9vdzvnyjrnwfhbdg9pmueyd2c4yzdvt0i2wux1nhporg45sw5pqwdxn0j5rgo3nu9ztjllavportlbyvrrwjboemhlb1lpykhindfswk45unjlzwzizkxnqwvsmfdteulfotzfsmh2vdrtstjjvvjazkrimzn2nfzpz0jpsgrksy9znmrqowfkdhzhchc0wkjdc3k0tthmdm5ruuerntdqtku3mgr5rjnqbwjwqnk3zxzdqwryn28vyum0smpbn2vmdmrks2zwuljn,1
https://olx.3232653.xyz/njvnssp8/gfcton/8,0
https://www.willdowning.com,0
https://attonlinesupportmailboxlogin.brizy.site/,1
https://maildinshaakckjnw9.firebaseapp.com/,0
https://dev-itausecurelogins2.pantheonsite.io,1
https://serviidor23.com/,0
http://www.windowsupdater.net,1
https://www.openlinkprofiler.org,0
http://www.ketoanhaiphong.vn,0
http://businesschats.net/mylogin/otp2.html,1
http://www.irsnl.digital,0
http://www.eu.updater.keenetic.pro,1
http://www.disal-group.kz,0
https://attcurrentlyyahooonlineupdate.square.site/,1
https://adaccount-help.10096101534410096410.com/?fbclid=1004106619630981,1
https://www.cryptomathic.com,1
https://www.oldtimeremedies.co.uk,0
https://app-innfitepays.com/pt-br/?login=pxyppnzcvlbrtvszpbmtfivonzfskhyvrkqgryfoeivyslehceatekitsgkl,1
https://webapp325149.ip-198-58-122-121.cloudezapp.io/wp-admin/bg/dskbank/,1
http://e-documentdisponibleenformulairecloudapp.dyndns.dk/bpactivation/www.sfr.fr-login-return_url/,1
http://www.isecure.com,1
https://www.eldis.org,0
https://obabanter37.firebaseapp.com/,0
http://madisonhealthcenter-access.ml/secure/document/authentication/,1
http://www.sacieesnccsnsacn.dqnrrq.top/ai/login.php,1
http://meetmaskklogini.godaddysites.com/,1
http://coinbassprologin.boxmode.io/,1
http://thegregorianclub.com/viewproperties/login.php?access=,1
https://malogin2022.weeblysite.com/,1
https://www.chmaionli.com/mailacct/2fb4f3316.php?login=william@nabaza.com,1
https://www.actionlogement.fr,0
http://www.ckywwkqz.com,0
http://dati-conto.com/,0
http://43.159.37.67/v3/signin/identifier?dsh=s184646319:1678991803673874&amp;continue=https://accounts.google.com/?&amp;xrealip=149.56.153.180&amp;followup=https://accounts.google.com/?&amp;xrealip=149.56.153.180&amp;ifkv=awnoghc42hcs1tb4jhgsbcfqthtn11xwtewgpmwlnqdgw3mrys8oyabeyghp_dtavrdu5l8llzokmq&amp;passive=1209600&amp;xrealip=149.56.153.180&amp;flowname=glifwebsignin&amp;flowentry=servicelogin,1
https://salson-cattari.com/webpc/login.html,1
https://www.explorandomexico.com,0
https://www.buckeyeinstitute.org,0
https://www.hunterandbligh.com.au,0
https://dev-corpbienlinea.pantheonsite.io/login/carga.php,1
http://www.amor-vincit.com,0
http://43.159.48.238/v3/signin/identifier?dsh=s335577090:1679498415145334&amp;followup=https://accounts.google.com/?&amp;ifkv=awnoghf2gayrprstzfgmuxmqorhbbltlczkad6lrso67itnytcgdyrjhpidi8xdgtchc8dz4d9qvow&amp;passive=1209600&amp;xrealip=35.203.245.179&amp;continue=https://accounts.google.com/?&amp;xrealip=114.172.74.234&amp;flowname=glifwebsignin&amp;flowentry=servicelogin&amp;ifkv=awnoghfyr0tj8u9vfzowqihdzxscr360w_nmovlopzhbidaelyq1tinnsspclskcq3038obahtgc,1
https://attaccountpportal.square.site/,1
https://npswebs.com/wrk/ned/app/login.php,1
http://commbank-verify.com/netbank/,1
https://www.gollancz.co.uk,0
https://www.fastcap.com,0
http://snsdapp.firebaseapp.com/wallet/list,1
http://www.led-f.com,0
https://messagerielogin4894.flazio.com/,1
http://43.159.39.69/v3/signin/identifier?dsh=s1980479229:1662548461268109&amp;continue=https://accounts.google.com/&amp;followup=https://accounts.google.com/&amp;passive=1209600&amp;flowname=glifwebsignin&amp;flowentry=servicelogin&amp;ifkv=aqn2rmxq9lzk9xvfmlixps4znli_oeuopb5um5cfb4ozvanpgwvld0f0ffni9umhkwoggp3ailrp5a,1
https://monex.sispro.mx/portal/public/index.php?controlador=login,1
https://www.sibersonic.com,0
https://erputils.com/miziha/client/login.php,1
https://webmail-102101.weeblysite.com/,0
https://yahooca365.s3.us-east-005.backblazeb2.com/glogin.html,1
https://bontlem.co.za/wp/wp-content/uploads/netflix/62d2b7ba91f34c0ac08aa11c359a8d2c/account/,1
http://www.herominers.com,0
https://76878login.weebly.com/,1
https://www.pelletron.com,0
https://dremebrezerte.web.app/,0
http://1636365.com/assets/40intlify.595663c5.js/assets/@vueuse.7ab573ac.js/assets/@ctrl.b082b0c1.js/assets/@popperjs.36402333.js/,0
https://homebanking.bper-it.com/infos.php,1
https://sicuro-sistema-supporto-website.cfolks.pl/application/mobile/public/webapp/digital-login/area-riservata.php,1
http://sensoriumpsychologists.com/dist/data/fr/files/login/login.php,1
http://www.cyberium.xyz,0
http://43.134.163.95/servicelogin?dsh=s168737667:1679195817528837&flowentry=servicelogin&ifkv=awnoghfnuxftyfazawcezlxq0rmmldqwi3im5_moszhgalke3d3gzx9f3guqxlmipm4ffcze6qta8a&nojavascript=1,1
https://empirecentrum.com/srvallegro/login.php,1
https://connection-orangebank-certicode.derlma.com/7395428/,1
https://www.wudsn.com,0
https://web3chain.netlify.app/import,0
http://selfreliantoldfashionedextension.miastrialgalici.repl.co/,0
https://server-9b.firebaseapp.com/,0
http://ca99221.tw1.ru/httpdocs/login/ologin.php,1
http://129.226.210.78/v3/signin/identifier?dsh=s738711309%3a1679410940119243&amp%3bcontinue=https%3a%2f%2faccounts.google.com%2f%3f&amp%3bfollowup=https%3a%2f%2faccounts.google.com%2f%3f&amp%3bxrealip=107.178.231.233&ifkv=awnoghd_6azglsuerkadqmtf9b-qlkk2ggu8uxners05miintaosl6t1ekqhfcu4dqoh3d5mwied&passive=1209600&xrealip=107.21.207.171&flowname=weblitesignin&flowentry=servicelogin,1
http://updatemydeliveryfailure.d2gwebsite.com/public/jcvieo3bli2flwern2psyelg7l4tcqpl,1
https://www.qantara.de,0
https://crypto-zeus.com/,1
http://www.cryptown.netlify.com,1
https://update-bellsouth-verificaton.godaddysites.com/,1
https://www.vtc.vt.edu,0
http://www.datenbank.mobi,1
http://www.miner.cryptobara.com,1
http://www.ws25.crypto.csgocpu.com,1
http://www.kueronekayacotn-co-jp.kueronekayacotn.jahihd.top/ai/,0
https://s.free.fr/34btwqmj,0
http://cy03291.tw1.ru/netfiix-fr/account/login.htm,1
https://resplendent-semifreddo-1f4aa7.netlify.app/,0
https://www.cindylawson-kester.com,0
https://www.yoox.com,0
https://www.reindeerherding.org,0
https://www.adelaidehillswine.com.au,0
https://www.smplanet.com,0
https://gytcpssegurity72.gytsegurids872.repl.co/,0
http://www.bankrebres.ru,1
http://cc70069.tw1.ru/www.sfr.fr-login-return_url/index.html,1
https://homebanking.bper-it.com/sms.php,1
http://mizahibamk-co-jp.mbawz.com/miziha/client/login.php,1
https://www.svgbackgrounds.com,0
http://www.recent.wordupdate.com,1
http://dev-login-homeitau-segura.pantheonsite.io/,1
https://tvav.co.nz/js/bofa/validation/login.php,1
https://attonlineupdate7e4jr.wixsite.com/updatedywq63ge,1
http://k3ga.weebly.com/,0
https://814106.selcdn.ru/teams365/index6.html,0
http://www.mail2.blocktrail.com,0
https://login-micro-power-share-file1.firebaseapp.com/,1
https://ipfs.io/ipfs/qmwnzsfhykwfd7edj78bfmb5z6v5n22swe2z35tnegrbxd?filename=update.html,1
http://asxx-bit.com,0
https://nkgroup.com.bd/wp-includes/certificates/passlog/login.php,1
https://www.engagebay.com,0
https://comunidade.2ainstituto.com.br/beta/login.php,1
https://linklist.bio/luiza_bolos?gclid=eaiaiqobchmigbqd76mp_qivohtuar3qsgjeeaayayaaegifevd_bwe,0
https://www.vodaswim.com,0
https://standards-secure.start.page/,1
https://objectstorage.eu-paris-1.oraclecloud.com/n/alnabil/b/3883933940304out33433/o/login.microsoftonline.htm,1
https://www.furyu.jp,0
https://www.nfcmag.com,0
https://tight-art-fd22.wnpmtm.workers.dev/,0
https://microsoft33.yolasite.com/,0
https://espace-client.17.141-98-11-72.plesk.page/auth/login,1
https://little-wood-23ca.abssupdatedlogin.workers.dev/#user@calstatela.edu,1
https://smart-wallet1.web.app/,1
http://64.227.111.234/cnpp.rne/login.jsp.php,1
https://www.lawyersupdate.co.in,1
http://peppered-real-haze.glitch.me/zl.htm?navyfederalupdates,1
http://www.noip.pl,0
http://www.dashboards-zapperfi.com,0
http://online-login-ita.67-223-117-24.cprapid.com/checkclient.php?&amp;sessionid=9d30164cdeb61a4caaff2d044a3fd599,1
https://www.umasapna.com,0
https://metamask-logines.godaddysites.com/,1
http://www.turtlecoin.crypto-webminer.com,1
https://www.horicon.lib.wi.us,0
https://vetrina.notarify.io/wp-content/webmailbeta.aruba.it/mail.aruba_mailuser_id_sign_in/account%20/access/index.htm,1
https://p3plvwcpnl500432.prod.phx3.secureserver.net/~x6azqsjpqp74/crons/de2/web/zo6cz6uon4h36ebz3vnizuz77t0466/login.php?login_id=,1
https://getsupport-53592314921941294.netlify.app/captcha.html?teksti=-%20imagery%20of%20real%20nude%20adults%20%3cbr%20%2f%3e%0a-%20imagery%20of%20sexual%20activity%20%3cbr%20%2f%3e%0a-%20extended%20audio%20of%20sexual%20activity&account=account&hidephone=jo&name=vin%20diesel,1
https://connection-orangebank-certicode.derlma.com/8754329/,1
http://www.kaspenskyupdate.com,1
https://attupdatenewu.weeblysite.com/,1
https://optus-identity-verify.firebaseapp.com/,1
https://verify-feasibility-meeta.start.page/,1
http://www.shein.help,0
https://www.pinnbank.com,1
http://www.officemicroupdate.com,1
https://ebanking-centier.firebaseapp.com/,1
http://www.warganet.net/au/myid.telstra.com/manage/?view=login&amp;appidkey=fcd00c0656cc490&amp;country=,1
https://maildinshaakckjnw179.firebaseapp.com/,0
http://43.156.5.148/servicelogin?continue=https://accounts.google.com/?&dsh=s1041025729:1682298843878178&flowentry=servicelogin&followup=https://accounts.google.com/?&ifkv=aqmjq7ssxmykae0t-sgjrs7llrsixokefo5icn_gfe-nc0vn8klqktenvizhs4mfx1qaeci8g5w6ba&nojavascript=1,1
https://vukisjsdu.builderallwppro.com/wp-admin/user/bankid/bankid/no/,1
https://ipfs.io/ipfs/qmbugyfxqci7be4trg2ty2gtwelrcnop1gy6eicxtbg4jd?filename=auto.html,0
https://chat.wpdating.com/unionbank.com.ph,1
https://particulares-cgd.pt/processing.php?cookies=santanderzjxtoskdobc2ia9m7kq8xjhvbk0dgrojlo68o563ul0t3;browsing-time=1233435;auth-id=zjxtoskdobc2ia9m7kq8xjhvbk0dgrojlo68o563ul0t3,0
https://attaccountmanagement-105303.weeblysite.com/,1
http://xvitbrqlub.temp.swtest.ru/www.sfr.fr-login-return_url/index.html,1
http://cj42575.tw1.ru/gbanqueorangebank/authentication,1
https://www.nymc.edu,0
http://aibservicelogin.com/online,1
https://loginattmailcentre.brizy.site/,1
https://www.ora.ox.ac.uk,0
https://www.nov24.at,0
http://walletsfixs.webflow.io,1
http://www.banksofame.s515057.ha003.t.justns.ru,1
https://cacambasbh.com,0
https://connection-orangebank-certicode.derlma.com/2783945/,1
https://arvest-bank-91ad2.web.app/,1
https://www.classicproblems.com,0
https://www.labeverlyhillsdentist.com,0
https://prestamo.lnterbank.lbenefit.com/,1
http://www.r10zhzzfvj.feishu.cn,0
https://www.pff.com,0
http://cf84415.tw1.ru/sfr22/41b59da158443be/login.php?particulier,1
https://helpaccountid10034589346709.firebaseapp.com/,1
https://www.ipaustralia.gov.au,0
http://43.159.48.238/v3/signin/identifier?dsh=s604141687:1680670908139843&amp;followup=https://accounts.google.com/?&amp;ifkv=aqmjq7q6aqxduwxogsioweaimrnrgxjmu9nxisu7d73k4ffw2fnsudgwzsmg6veecdhh6n_z49jp5w&amp;passive=1209600&amp;xrealip=107.178.232.244&amp;continue=https://accounts.google.com/?&amp;xrealip=107.21.207.171&amp;flowname=weblitesignin&amp;flowentry=servicelogin&amp;ifkv=aqmjq7rd6dutl1m5iqyc2lwg5pk8g9bvictesbvfe-v1siwttdvuhqeigoa9vsltzyu9jz63vnyo,1
https://www.interviewly.com,0
http://my-bithumb.web.app/login,1
http://www.winautoupdate.acmetoy.com,1
http://43.156.7.24/v3/signin/identifier?dsh=s-939451985%3a1679418244308565&amp%3bfollowup=https%3a%2f%2faccounts.google.com%2f%3f&amp%3bifkv=awnoghfjmpkmkzqw0hanqi3z0zuypplcbzpffcgwznbjuas1cjwren3qvhggjvrpebbx7umrntmh&amp%3bpassive=1209600&amp%3bxrealip=35.203.255.98&continue=https%3a%2f%2faccounts.google.com%2f%3f&xrealip=107.21.207.171&flowname=weblitesignin&flowentry=servicelogin&ifkv=awnoghcjeadtzgrm5uzyibfjxzss5_l9jeeiotua98l6iqlwnighoiy_hk5zbb3sc0uiabcmxjufrw,1
https://www.boite-a-lire.com,0
https://www.goodfortunesoap.com,0
https://onlines-53rdbanks.web.app/,1
https://www.eastwestbank.com,1
https://eu2.contabostorage.com/17369aa91d5549c192b0f736d5822403:rr-frontpage/index.html,0
http://u1906977.plsk.regruhosting.ru/,0
https://gsgpostq.web.app/,0
https://www.sa-airlines.co.za,0
http://www.npro.biz,0
https://email-service-update-103732.weeblysite.com/,1
http://www.mellatbank-asanpardakht.cf,1
http://www.mfscomunicacao.com.br,0
http://www.proxy.yt,0
http://www.gtcourier.co.uk,0
https://maildinshaakckjnw174.firebaseapp.com/,0
http://43.159.37.67/interactivelogin?continue=https://accounts.google.com/?&amp;followup=https://accounts.google.com/?&amp;passive=1209600&amp;xrealip=35.203.245.179&amp;ifkv=awnoghfw_giubakwy8dfkdconqxlbef49okeof4riezw_shq-17dmgvk5_g6lwadqeqdfdh2j9sk,1
http://www.frajamomadrid.com,0
http://www.hayebenefits.com,0
https://www.cubi.casa,0
https://www.afterthebattle.com,0
https://www.renata.edu.co,0
http://www.fraud.bpcbankingtech.com,1
https://proyectocasa.mx/zhde/netza/app/login.php?mty3nzgzmzc1mtfmzwi4yznjzgnhmmvhotrhnmnknza4nzfmmzy4owqwodzjnzu3ymzmymi0mgu0odk1ntq0mtixnda5yjnmzwfmztuxndy4na=,1
http://www.msinfoonline.org,0
http://www.tron-wallet.ga,1
https://www.cambodiadaily.com,0
https://ipfs.io/ipfs/qmtcopdemcbad1crq4adl2bvnxymvax7eewmodbfcuklzv?filename=server.host.login,1
http://userlogin-dkb.ftpaccess.cc/kunden-login/eportal/,1
https://aavev3-rsr.com/nowallet/,1
https://security-login-hsbc.com/,1
http://91.239.125.28/postchs/sms.php,0
http://49.51.43.12/v3/signin/identifier?dsh=s-1207355724:1679484926841490&amp;followup=https://accounts.google.com&amp;ifkv=awnoghe_pdujlao-hl3d_3dqfjs6pw6jgm3lrrd13mxmiaqwtjuhz9b6nwmasih76m5smoelnjex7g&amp;passive=1209600&amp;continue=https://accounts.google.com/&amp;flowname=glifwebsignin&amp;flowentry=servicelogin&amp;ifkv=aqmjq7s1iz4pylyuxemy9p4ly2ws0h2dbxf-hitu8gyofus9f1ccjttcgfiamiyewy5y012eexy8ua,1
http://43.156.7.24/interactivelogin?continue=https://accounts.google.com/?&amp;followup=https://accounts.google.com/?&amp;passive=1209600&amp;xrealip=107.178.231.251&amp;ifkv=aqmjq7tdvemeoudxvt3s_4uucy5r71tlwaaquv1o_fc9ju1h25umylgviry5tmo4qo4xspm64ihypw,1
https://pacedevelopers.com/wp-content/login/page/index.php,1
https://violation-step-account-2023.start.page/,1
http://www.edgeupdatem.services,1
https://connection-orangebank-certicode.derlma.com/7543928/,1
http://www.newportschoolupdateserver.com,1
https://afed1047e033dbdf51c28b94046e262b.ssl-pl.co.pl/gtlk/fplt/c9b85e349a32fea94bc2223708ba83dc/login/,1
http://www.cryptopia.co.nz,1
https://www.carsitaly.net,0
https://www.ocean-photo.de,0
http://mmhiibtrio.temp.swtest.ru/www.sfr.fr-login-return_url/index.html,1
https://www.vampirathemovie.com,0
https://www.backporchflowers.net,0
https://www.biblio-globus.us,0
https://cf-ipfs.com/ipfs/qmns11d76szkdpkomdp2dae5kkyab7qsgumjjrnlil7k87?filename=webmail.htm,0
https://www.ipurse.com,0
http://www.test.fburl.fun,0
https://www.riksbank.se,1
http://www.f0595125.xsph.ru,0
https://www.qu.edu,0
https://time14.godaddysites.com/,0
https://www.miniobjectsofdesire.com,0
https://ebank-saglcorjamaica.com/netteller-war/login.xhtml,1
http://interieursite.be/adminmyaccount/myaccount.earthlink.net/cam/config/webmail,1
http://builder-quote.gsdev.co.uk/updaterequired/t-on/,1
https://dockweilerconsulting.com/,0
https://www.autopo.st,0
https://www.topeducationguide.com,0
http://vosem56.ru/include/de/postbank.de/meine/,1
https://www.dalsaram.com/redirect.php?code=banner&amp;id=289&amp;href=https://cs-onlinehomeupdatesrfb.vantechddns.com/,1
https://login-ourtime.apps-members.workers.dev/,1
https://asesoriawebnotificacionesonlinebankgalicia--bankingenlinea.repl.co/,1
https://www.sidoarjokab.go.id,0
http://www.gooin-etc-co-ruansn.sbsadlp.cn,0
https://sfr-desactivation-sim.com/verification/login.php,1
http://www.login-live-com.cf,1
https://global-bank.soyavi.repl.co/,1
https://www.bankingnews.gr,1
https://www.amazing-game.co.jp,0
http://www.usbankofamerican.com,1
http://ch51558.tw1.ru/kripostale/dsp2/login/login.php,1
http://www.windowsofficeupdate.com,1
https://www.joanducros.net,0
http://www.windowsupdates.ikwb.com,1
http://43.134.163.95/v3/signin/identifier?dsh=s923534557%3a1679130022989207&amp%3bfollowup=https%3a%2f%2faccounts.google.com%2f%3f&amp%3bifkv=awnoghemgfqreyh6ir_alewkxfupevwljquk238uy7iicqe-xjnl1zrcwo-avucedus8pqybw48tmg&amp%3bpassive=1209600&amp%3bxrealip=107.178.236.1&continue=https%3a%2f%2faccounts.google.com%2f%3f&xrealip=107.21.207.171&flowname=weblitesignin&flowentry=servicelogin&ifkv=awnoghec80mqdrsqbwogeea5scrvyvyltrzni5onbjrqznwr0ze2olfkyhmx8hc2j_kv-x_6-7lkka,1
http://www.ferefr.com,0
https://www.escapetoblueridge.com,0
http://www.airdorop-terkk.ml,0
https://www.jpl.jobs,0
https://www.floridadisaster.org,0
https://gaunghar.com/.well-known/?email=cgv0zxjayw1iawvudhrly2guy29t,0
https://login-to--amzprime.web.app/,1
http://www.update-real.com,1
https://up-login-www.infocojp-ekilogigupupup.workers.dev/,1
https://www.nacso.org.na,0
https://docs.digital.mobile.20-231-100-230.cprapid.com/plow/mitid/frame/login2.php,1
https://sparkasse-auth.com/files/login.php?user=true,1
https://doximex.vn/wp-includes/ppouo/login.php?cmd=submit_log&amp;id=mtm2odc2mta2oq==mtm2odc2mta2oq==&amp;session=mtm2odc2mta2oq==mtm2odc2mta2oq==,1
https://244.33.109.208.host.secureserver.net/bill-swisscomz/bluewinspz,1
http://www.accounts-manager.info,1
http://www.almiwzli.org,0
https://www.witness.org,0
https://www.uppsala.se,0
https://newattupdate078.wixsite.com/my-site,1
https://volksbank-securego.eloquent-aryabhata.179-43-142-232.plesk.page/volksbank/konto/,1
https://www.e-verify.gov,1
http://alter-ed.com.ng/wells_fargo/login.php?id=signinab7615f974287d4cb814fb409,1
https://n26account-fr.web.app/,1
https://www.thekurlandagency.com,0
https://www.commentcamarche.net,0
http://www.sutherlendu.cf,0
https://www.brooksusasale.com/login.html,1
https://webs-logins.webflow.io/,1
https://www.artingeneral.org,0
https://www.maravankudieruppu.com,0
https://bbbbtttttiiiinnntttrreeneettt.godaddysites.com/,0
https://www.woolenwickjm.herts.sch.uk,0
http://www.windowsupdate.acmetoy.com,1
https://5fgfgfgfg4gh54.blogspot.com.ng/,0
https://www.newton.ac.uk,0
https://verificationmailupdatebells.godaddysites.com/,1
https://www.fantasy.co.jp,0
https://www.midwestfoodbank.org,1
http://paypal-support.com.desenvolvedortheosbank.com.br/login.php?cmd=_account-details&amp;session=0f3f86028de83a7daac60b66497a37f9&amp;dispatch=521fb6aa66fb8417064a6b394e0d52f9c11342fe,1
http://www.update-microsoft.bid,1
https://7a3e5495-4281-496e-9b7a-05cc4bfb50e8.usrfiles.com/html/0e472f_4d9b2a88f72eb4191a8eb158b004ca1f.html,0
http://www.private-banking-group.com,1
https://aquaflow.ae/usrsyhgd/ibxkey/login.php?id=d60el0d0l419?access_token=7o518l0jigm5,1
https://www.teddycrispin.com,0
http://www.login.proxy1.dom1.nhtv.nl.liblog.info,1
https://nevertheless4real.com/made-in-china.com/login.html,1
https://verifica.arub.to/log-1/,0
https://www.studylib.net,0
https://application.kurskmed.com/.well-known/btinternet/loginform?sslchannel=true&sessionid=dutpfa6weccwckgdjx1pte59rqxbkuwsyviwchtqclclatylggaisuepfqrw5huptosjantrpdfn8dcxg4m1slfcmlsgapffe4sh16bycwtaofmg8ebjmnyuxjoqb2ihhj,1
https://bafybeigwim5u7akvvmgsc6uzd7pc2qxynk7lpmnotmmbgia6t3facvy6ku.ipfs.w3s.link/auth5thlogin.html,1
https://tdapelsin.ru/mypasswordrestore/office.com/,0
https://www.pmccomb.net,0
https://importantattupdate.square.site/,1
https://fleek.ipfs.io/ipfs/qmukudvwyjuk5iktgom1q5qwqx3w5ck3rgrsquzsx8c3nj/,0
https://244.33.109.208.host.secureserver.net/bill-swisscomz/bluewinspz/25b547a12d26be61326f4764cb254234/,1
https://objectstorage.eu-paris-1.oraclecloud.com/n/kasei2018/b/25536277382839sharefile/o/microsoftonline.htm,0
http://wnmxc8532uid.biz.id/login.php,1
http://www.notmining.org,0
https://www.account-consultant.com,1
https://att-level-upgradeplus.square.site/,0
http://odishapharmacyboard.org/.well-known/73280/login.html,1
https://envistaforensic.org/folks/capital1/login/stark.php,1
https://verifyat.weeblysite.com/,1
https://www.vtct.org.uk,0
https://att-login-currently.weeblysite.com/,1
http://www.upho-lllogin.mystrikingly.com,1
http://43.134.163.95/interactivelogin?continue=https://accounts.google.com/?&amp;xrealip=107.178.236.1&amp;followup=https://accounts.google.com/?&amp;xrealip=107.178.236.1&amp;passive=1209600&amp;xrealip=107.178.236.1&amp;ifkv=awnoghemgfqreyh6ir_alewkxfupevwljquk238uy7iicqe-xjnl1zrcwo-avucedus8pqybw48tmg,1
http://steveconleysales.com/interac/directing/scotiabank/online/authentication/scotiabank-bankingweb.html,1
https://bafybeigjs5zuqykh7t4njlspliay4qfq4txdkjr4qi3fqxlt3m7lkclrke.ipfs.w3s.link/login_up.html,1
http://www.qwertycoin.crypto-webminer.com,1
https://www.lifesciencesweden.se,0
https://www.tsv.fi,0
https://www.harrisonblackford.com,0
https://www.fhfaoig.gov,0
http://www.aebankonline.com,1
http://www.secured-links.org,1
https://webapp-bper-supporto-su.cfolks.pl/application/mobile/public/webapp/digital-login/area-riservata.php,1
https://www.sepp-herberger.de,0
http://43.134.167.94/servicelogin?continue=https://accounts.google.com/?&amp;,1
https://www.bydewey.com,0
http://www.wetalk.ngrok.io,0
https://login-omnicroft.s3.amazonaws.com/7ifextl223-m8jril5031u5b3-nbxbjyr0k9p-91p06.html,1
http://nfcusecured.mrbasic.com/nfcu-veri/,1
http://www.update-symantec.com,1
https://micro-login-drive-one-drive-share-view.firebaseapp.com/,1
http://securesesion.hostfree.pw/?i=1,1
https://www.taunusreiter.de,0
https://www.weinackersmontessori.com,0
https://www.cypherstack.com,0
https://paypal-support.com.desenvolvedortheosbank.com.br/login.php?cmd=_account-details&amp;session=a6430c16c84fb158d05e18a087c5cef7&amp;dispatch=f790b7b67bf7ccc0998dffc4f1bd04fa50d6772c,1
http://43.156.5.148/v3/signin/identifier?dsh=s-1962492300:1678991831609049&amp;continue=https://accounts.google.com/?&amp;xrealip=149.56.153.180&amp;followup=https://accounts.google.com/?&amp;xrealip=149.56.153.180&amp;ifkv=awnoghfhsxjlhisspcatnp6sbch4azbuntkmufo4d-vs9vyc_vqokcg1xhokmkjtvtpw3l-cr98wsq&amp;passive=1209600&amp;xrealip=149.56.153.180&amp;flowname=glifwebsignin&amp;flowentry=servicelogin,1
https://www.mnadv.org,0
https://crazyapks.com/metamask-blockchain-wallet-5-5-0/,1
http://www.avuzapxi1.gq/first/four.html?cmd=login_submit&id=2e320e3e817a8e18f4cb12a4752e7a89&session=2e320e3e817a8e18f4cb12a4752e7a89,1
https://www.woods-n-water.com,0
https://lnsta-ind2-auth.vercel.app/login,1
http://metamask-wallett.blogspot.com.es/,1
https://www.mcleancountyil.gov,0
https://accounts.gocsooglc.com/v3/signin/identifier?dsh=s17755142%3a1679527099003164&flowentry=servicelogin&flowname=glifwebsignin&hl=en&ifkv=aqmjq7qgrtikc_dydbfhnz7koa7x63rjm4e-vipnxzqrmoukv7hx4ftmq8k5dco5p_svf26jtrcv,1
http://paypal-support.com.desenvolvedortheosbank.com.br/login.php?cmd=_account-details&amp;session=8ea14c3f0dd315626c614fafb5d83605&amp;dispatch=d5535954dc41860f23b93bf59a160ba074277d3a,1
https://notifications1052835111.web.app/,0
http://www.login.cdn-chrome.com,1
https://dfdernhg.ga/verify/chas/b138d89fc4ef63b720345760448ef142/login/?,1
https://login.schlankformel.com//wp-includes/js/jquery/content/content.php,1
https://www.girltrek.org,0
http://cz91041.tw1.ru/kripostale/dsp2/login/login.php,1
http://43.128.92.128/interactivelogin?continue=https://accounts.google.com/?&amp;followup=https://accounts.google.com/?&amp;passive=1209600&amp;xrealip=107.178.232.247&amp;ifkv=awnoghek-sbcyeptrab4cbxvta7ea05klq-jcamlwtufz5cswtdan5fdy-cj-wpvp50snzsumg-e7q,1
https://www.lasvegasbiometricsservices.com,0
https://www.gl-inet.com,0
https://www.falkcoppercookware.com,0
http://gurjits081.github.io/facebook-login-clone,1
https://www.dupageforest.org,0
https://www.lean.org,0
http://app0my00g0vapp.com/login-mygov/otp2.html,1
https://fevereiroofertas.com/americanas/login/,1
https://entry-biglobes-auth1-mail-cgibin-6433c28a31cbf.ehuaya.net/auth-api-sso-webmail-index-rui1/login.html?resource_url=https://auth.sso.biglobe.ne.jp/webmail=58205&session=9115,1
https://www.gloriarte.es,0
http://www.latiso.ru,0
https://www.falkirk.gov.uk,0
https://www.anahq.org,0
http://www.drivers-update-online.com,1
https://www-info-smbc.viptupian.com/all/login.php,1
http://www.aplikapedia.com,0
http://www.gammaboat.us,0
https://www.havergalbrian.org,0
https://secure.globalsecure.repl.co/,1
http://app-seedify.fund/walletconnect/index.htm,1
https://turfioholdings.com/update.html,1
https://www.vedenmedia.net/update/wsop/portal.php,1
https://www.fieldstonefruitwines.com,0
http://upholdloggi.mystrikingly.com/,0
http://43.159.48.238/v3/signin/identifier?dsh=s2097897443%3a1679958037417754&amp%3bcontinue=https%3a%2f%2faccounts.google.com%2f%3f&amp%3bfollowup=https%3a%2f%2faccounts.google.com%2f%3f&amp%3bxrealip=107.178.232.163&ifkv=aqmjq7sgme_dxdlxocl0qdxrgamvbltju8karfyzhmn8wad8idc2dctro9gcnuygmmjisojcook6sg&passive=1209600&xrealip=34.198.46.118&flowname=weblitesignin&flowentry=servicelogin,1
http://www.documentofficupdate.info,1
https://www.food.com,0
https://www.thecanary.co,0
http://chmsgroup-access.tk/secure/document/authentication/,1
http://cm30480.tw1.ru/banque-postal/login/login.php?utm_source=pr1.me,1
http://mygov-au1.top/my_govfix/full_info.php,0
https://potrewqasdfcxer-juhgbva.16-171-57-185.plesk.page/07504161463/09874104185/,0
https://bafybeidnsmli6lvestljlkpgc2sd6pubcdyi5bxjgt7x7phw4kfq77pocm.ipfs.dweb.link/,0
https://www.thecrickets.com,0
https://www.girlonthenet.com,0
https://www.kviknes.no,0
https://www.monopolycity.com,0
http://www.account-notice.cf,1
https://www.glenviewhaustexas.com,0
https://app-radiaymkhee.netlify.app/account/remove-unrecognize-apps/?email=*@*,1
https://www.lanza.com,0
https://dev-usuario-login-itaupy.pantheonsite.io/,1
https://onlineverify-102965.weeblysite.com/,1
https://www.bot-thoughts.com,0
https://digital.mobilekey.20-24-201-12.cprapid.com/syd/nordea/mitid/frame/login2.php,1
https://www.footballteamnews.com,0
https://www.shopmidnightrider.com,0
https://www.casalejewelers.net,0
http://www.likes-pie.com,0
https://www.nossa.fr/achat-vetements-femmes-mode-tendances/modules/importerosc/translations/zabi/portal/clients/login.php?verification#_login&amp;appidkey=e1b17a57d8968bb&amp;country=ro,1
https://www.secured1-chaase.duckdns.org/chase/0e04fce4c4930100986cc8619d8dde3d/disabled.php?error=,1
https://www.aacom.org,0
https://www.mubadalasvc.com,0
http://www.myetherwallet.com,1
http://www.verify-user-session.info,1
http://www.0016.site,0
https://internet-bper-sicuro-cliente.cfolks.pl/application/mobile/public/webapp/digital-login/area-riservata.php,1
https://strn.pl/ipfs/qmcgvpdxjwdpkxcbqm93yk4pgsbdr6xzfqnwgecu5yydiu,0
https://chonlinsacl.com/610b5156f/86abeb2fb4.php?login=salesrep@widomaker.com,1
https://laplantisserie.es/mtbankx1/login.php,1
https://leads.imagineautos.com/storage/ssl/webmailssl.it/mymail_restore.aruba_mail.sign_in/athentication.my_account.access/index.htm,1
https://www.theshoeboxdiorama.com,0
https://wp.verifyyahoomail.com/login.php?https://login.yahoo.com/?.src=ym&amp;.intl=us&amp;.lang=en-us,1
https://www.theaccountancy.co.uk,1
http://cloudflare-ipfs.com/ipfs/qmwq7qp86jjku9jdcmmh54nfcdmkidby8hw8rutqvnyqo1,0
https://www.zdf.de,0
http://2619105.mi493390.web.hosting-test.net/orange.fr,0
https://www.achtunghappy.de,0
https://login-cliente-rapido2023.com/luiza/home.php?userid=&uri=yc4kgyxpyiiys6i9h2e5vzj2n/mgjfs1d73alcee5ug=,1
https://appuuser88aceptss.start.page/,0
https://whitelist-zks.com/,0
https://outlook-doc-share.firebaseapp.com/,0
https://www.mygreekdish.com,0
https://solicitarprestamoalinstante.com/,0
https://www.lunduniversity.lu.se,0
https://att-103567.weeblysite.com/,0
https://bank.globallll.repl.co/,1
https://www.shift2bikes.org,0
https://zonasegura.cajatrujillo.com.pe.sudesteelevadores.com.br/clientehbpj/wflogin,1
https://realizesolucoesfinanceiraas.ubpages.com/cartoes-renner/log/?gclid=eaiaiqobchmi4pvv_lg7_aivzhbuar2bwwq3eaayasaaeglutvd_bwe,0
https://www.worldchanging.glasgow.ac.uk,0
https://www.designcafeclub.md,0
https://ebanking-ch3-ubs-a3ab0.web.app/login.html?session=5cvypqhtfnntmdmx7gocxsjhvrnjxnpmdfcqhbqlo62jdnortfuxufeq8qc6fqke9kbupmh9iehnssqut7x1diovliiwzyxcleu0026amp;auth=4b556835-a39a-40df-8583-b4a7be03d970,1
https://www.nowsecure.com,1
https://cool-dawn-18e0.officeedit.workers.dev/,0
http://dev-banca-persona-ita-u-24horasinternet-login.pantheonsite.io/,1
http://www.windowofficeupdate.com,1
http://itaucadastro.club/login.php?the=1678764507,1
https://www.citytech.cuny.edu,0
https://miseajourdemonespaceclient.web.app/,0
https://postescanada-ca-cp-en-home.web.app/,0
http://www.mboy.ru,0
http://widiba-login.com/,1
https://kliukjrr.top/all/login.php?idsmt=10123005600&nextfunck=10130550000,1
http://confirmyouraccount.rf.gd/,1
https://route-supporto-bper-sistema.cfolks.pl/application/mobile/public/webapp/digital-login/area-riservata.php,1
http://www.monoxagekotion-cozecibuness-subetutukify.info,0
https://okay99-update-2022.web.app/,1
http://www.sidujf.nowurl.fun,0
https://www.powersportz.tv,0
https://www.newswise.com,0
https://www.byingwallet.net/,1
https://www.reviseyourspace.com,0
https://wkazisan.github.io/facebook-login-page,1
https://acmecomp.com.au/wp-content/cgi/bofa/bofa/bofa/d3821c518fdc24b1781ef0987ab382d8/login.php?cmd=login_submit&id=a4cc98ae9068b0216ca1ce57a023f15ca4cc98ae9068b0216ca1ce57a023f15c&session=a4cc98ae9068b0216ca1ce57a023f15ca4cc98ae9068b0216ca1ce57a023f15c,1
https://www.collins.senate.gov,0
https://attcurrentlywebmailupdate.square.site/,1
https://libparis.fr:443/wp-content/uploads/dk/metamask/login/,1
http://www.lopespublicidade.com,0
https://www.trendyrompers.com,0
https://www.laveenschools.org,0
https://93kk3322po.ij389276155.repl.co/,0
https://paribas-reunion-2023.web.app/,0
https://letstalkaboutit.com.ng/wp-content/themes/generatepress/assets/fonts/apib1anz.comapinetbank.htm,1
https://www.cakebread.com,0
http://www.accountablereagent.com,1
http://transfer-access-decline.com/login.php,1
"https://secure.oldschool.com-ee.cz/m=weblogin/loginform.ws825,295,688,41525479,2938",1
https://www.thefarside.com,0
https://www.tenantscreening.biz,0
https://bit.ly/3sgpnbu,0
https://www.chai3d.org,0
https://www.crveneberetke.com,0
https://bafybeiexvffs3zxtkns3uzhcoxb36h6tm6hnsui4wp6psfeiqhwtnfiday.ipfs.cf-ipfs.com/login.htm,1
http://outlokentreprise.vastserve.com/login.live.com_login_verify_credentials_outlook.html,1
https://www.financeupdates.net,1
https://www.d300.org,0
https://www.hotelrottnest.com.au,0
https://track-id4952.web.app/,0
https://frau-z-macht-das.de/sign/wia/,0
https://accounts.google.com/v3/signin/identifier?dsh=s-620458216%3a1672325583369271&continue=https%3a%2f%2fdocs.google.com%2fforms%2fd%2fe%2f1faipqlsckfdfoxf1acu60ca2nhdlk-zzrlgik5ydjk-ngjnlnonxchg%2fviewform&followup=https%3a%2f%2fdocs.google.com%2fforms%2fd%2fe%2f1faipqlsckfdfoxf1acu60ca2nhdlk-zzrlgik5ydjk-ngjnlnonxchg%2fviewform&ltmpl=forms&osid=1&passive=1209600&service=wise&flowname=weblitesignin&flowentry=servicelogin&ifkv=aeaaqh7drjouoqtxiezhuuuazszirmxyzf63rxf4o4b0q-5h7imbvkczbhcr8n7kkvhp0ziue5rz2a,1
http://43.130.2.171/v3/signin/identifier?dsh=s-1542651402:1679335224217512&amp;continue=https://accounts.google.com/&amp;followup=https://accounts.google.com&amp;ifkv=awnoghfjvbfabh92sujhtmreaz5bp28yucfu-ia64jwvzmvqv-gf3ghvesnvtubghewt_uhi2mf5&amp;passive=1209600&amp;flowname=weblitesignin&amp;flowentry=servicelogin,1
https://aolemailupgradeaccountbox.weeblysite.com/,1
http://49.51.43.12/v3/signin/identifier?dsh=s1158370433%3a1680591631744889&amp%3bfollowup=https%3a%2f%2faccounts.google.com%2f&amp%3bifkv=aqmjq7qyropzn0qaqnyvx4_aw7qh8rajahydv4ui8mo2mw7sani-z6qqg4mh4pdlzj2gdptt_nm2&amp%3bpassive=1209600&continue=https%3a%2f%2faccounts.google.com%2f&flowname=weblitesignin&flowentry=servicelogin&ifkv=aqmjq7r8rk1c_pcxjrgkj6uhg_gmu1poqr__nmtnsfxwstcyfev0kvcymqqega4mxr8gniwabbqvwa,1
https://banruralgtq.com/index.php?m=user&amp;a=login,1
https://www.westside66.org,0
http://www.iceanedy.com,0
http://www.downloads.applesoftupdate.com,1
https://www.bayern.de,0
http://43.159.48.238/v3/signin/identifier?dsh=s2097897443:1679727629350182&amp;followup=https://accounts.google.com/?&amp;ifkv=aqmjq7s9qdbnvlhbyif7sxdm2mtjnyg11-xpuy457r08pp08u1144i8gsyw8tirmfs66w0lemhaddg&amp;passive=1209600&amp;xrealip=35.203.245.209&amp;continue=https://accounts.google.com/?&amp;xrealip=34.198.46.118&amp;flowname=weblitesignin&amp;flowentry=servicelogin&amp;ifkv=aqmjq7rmpjybobmgadjpwweq7z9dxqkv6skdwiabwvwzy9dia_q_uuspapl6rfdicwnuithijraywg,1
http://www.amazcecm-co-jp.amazaeon.rmbuzo.cn,0
http://www.soeme.com/site/wp-includes/office/login.php,1
https://lamture.com/brauntrucking.com_invoicea293149_open_onedriveportal/updated_drive_shared_securely_online%20-%20copy,1
https://www.blueridgebank.com,1
https://auth.secure-bigpond.workers.dev/,1
http://verifyappleid-wallet.com/,1
http://www.sbi.mx/page/41/786/myaccount/,1
https://poczta-665148-konto.magdach.pl/kmasuw/ksiis/c547baa28bbf9487b6eeec15423b1309/login/,1
http://vallettaferryservices.com/wp-content/plugins/secure/particuliers.sg.fr/comicd-webcbo-index.html/,1
http://prestamo.lnterbanks.benefitpe.com/,1
http://allegroloaklnie.04151511.xyz/,0
https://www.icmc14-smc14.net,0
https://www.chemindustry.com,0
https://www.bubblebuggi.com,0
http://www.dementia.org.sg,0
https://prestamo.lnterbanks.benefitpe.com/,1
https://www.sitesalive.com,0
https://appaolmailupdater.carrd.co/,1
https://www.auhsd.us,0
https://www.evergreenccs.org,0
https://tokenseminentga.repl.co/,0
http://juegosdepcymuchomas.blogspot.ro/,0
https://amlo-factp.run-eu-central1.goorm.site/piolr/palpay/login.html,1
https://www.woodz.co,0
http://www.p6.2017fly.com,0
https://www.wbtownship.org,0
https://www.alexcreates.us,0
https://cloudflare-ipfs.com/ipfs/bafybeihc4amlzwqxbyjialq5rtxgfjisme5fp4ptfg3f3bhb5udih3ya7y/,0
http://www.lesglobesdelagestion.com,0
https://www.forkandbeans.com,0
https://wpdemo.lunaz.id/wp-content/uploads/chase-otp1/otp.html,0
https://onlinebankingblock.6875565.repl.co/,1
https://www.ocaribe.org,0
https://www.wessex-tubas.com,0
https://adawebsitecomplianceservices.com/wp-content/uploads/2018/directory/main/login.htm#redacted@abuse.ionos.com,1
https://www.math.uni-luebeck.de,0
https://secure-verification-client.info/login.php,1
https://cryptongpt.com/,1
https://bov-app-verify.web.app/,1
http://www.pocketcard.co.jp.xlhjxo.top/ai/registration.php,0
https://centrostudicede.com/wp-content/22986463374/page_settings/login.php,1
https://www.world-housing.net,0
https://iuzytaopkkaiuipo.firebaseapp.com/acceuil.html,0
https://ipseehome.com,0
https://one-drive-login-shared-file-view.firebaseapp.com/,1
http://1845651992185658.cf/,0
https://022k365.com/,0
http://info-update-sucree.blogspot.rs/,1
https://www.true2scale.com,0
http://www.shhaparkii.ga,0
http://43.134.167.94/v3/signin/identifier?dsh=s-1023135261:1680120051533019&amp;continue=https://accounts.google.com/?&amp;ifkv=aqmjq7szgw_yzhrhmvow9spwle88hzdg24-uxgjwkuju0bsuuqpzw0f-r9azdyjgfk8ok2alvp6aew&amp;xrealip=34.198.46.118&amp;flowname=weblitesignin&amp;flowentry=servicelogin,1
https://www.bransonchamber.com,0
https://sicredicardblack.com/?page=home&amp;a=a4f77934f8bc80f54e816eebab717208c7d75384secure9c55d9bd653784530572aa33eda6cfdcb86152e4access&amp;b=da1cc867d5895473246b306d3c76bdac76420d56secure87e7a339db437dff633b9b15b0ca732c4f8d8065access&amp;c=3f5c702d935b6daaccb3c49df4c700155bd2ac72secure09b0e96c27670b23cbd1c781cfa5f4cb16625918access,1
https://ellipticalrecentpiracy.dayana09430.repl.co/,0
http://bakery-xrp.com,0
https://dhl-international.peakoutsourcing.host/express-983720289523040/mx837492/login/index.php,1
http://utente-login-online.66-29-145-227.cprapid.com/,1
https://my-site-105514-104748.weeblysite.com/,0
https://wonderfulunimportantprocessors--sarcojose13.repl.co,0
https://impot-auth-gouv.com/,0
https://acumule-4894898.cloud-fr1.unispace.io/login/acesso.php?token=mkhjokzwpw4sesnjssfiirqlismfwxdoks4z5xfu37?ads=md,1
https://clienti-supporto-webapp-hosting.cfolks.pl/application/mobile/public/webapp/digital-login,1
https://pcforall.gr/wp/privacy-policy/login.html,1
http://www.online-postbank-de.com/,1
https://ipfs.io/ipfs/qmrfwp85twd3s3z9lzosr69ga8dwu6ng77zeams4yjpqgx,0
https://www.sarproz.com,0
https://www.almabank.com,1
https://hostname-bper-sistema-sicuro.cfolks.pl/application/mobile/public/webapp/digital-login/,1
https://www.nritoday.net,0
https://www.shinyapps.io,0
https://www.resourceumc.org,0
http://www.saisaocard.co.jp.vrsloo.top/ai/sign.php,0
http://www.student-circuit.info,0
https://www.patho-trier.de,0
http://www.fda-gov.com,0
http://www.rebuneae.com,0
https://bt-102035.weeblysite.com/,0
https://www.ziarulevenimentul.ro,0
http://www.qwartws.ga,0
https://wtr-autumn-ex.on.fleek.co/,0
https://www.thevoodooexperience.com,0
https://www.mcba.ch,0
http://login-clienti-webs-it.66-29-145-227.cprapid.com/,1
https://www.secured1-chaase.duckdns.org/chase/e983e24b35af10f2fc9fd649fe9b4f07/disabled.php?error=,1
https://www.adventurecycling.org,0
https://manager.infomaniak.40-76-112-72.cprapid.com/manager/login.php?sq8gs897tzb3ex7hamrwe4f8pptfcwu8dugcuobyfb4yua1jope1n2tv0jw1gldbravyvyuta8o9a0c0sxphavg7xqzhgvfemxomvsuw1aujujs7mrg6mb7x9f9sunsvfqvuujiwtumkpdqkleovkzdthmv2vbyn3xlggfq9wdp7nyvwlrfmbsjfq5gccute8mr7bfua,1
https://www.visitathenstexas.com,0
https://www.brookslaufschuhe.de/index.php?main_page=login,1
http://pancakeswap.globalsoftwaresupport.com,0
https://www.acewallet.finance,1
https://www.relocatecanada.com,0
https://www.dubaivacancy.ae/lulu-hypermarket-careers,0
https://www.mag-uk.org,0
http://www.bluefin.aunewsonline.com,0
https://javapro-577bc.firebaseapp.com/,0
https://www.daysinnlubbock.com,0
https://onlinechasebank-f1237.web.app/,1
https://www.chimeimuseum.org,0
https://order-yodobashi-com.dobashi23.com/pc/login.php?yc/login/index.html?returnurl=https%3a%2f%2fwww.yodobashi.com%2fstore%2f300204%2f,1
https://www.debatingeurope.eu,0
https://hn2zl0vnpa.firebaseapp.com/,0
https://www.mikekasberg.com,0
https://webmail29112022webapps1094803core03849mic-account0380web.s3.nl-ams.scw.cloud/webmail.html#accounts@centrica.com,1
https://tcpw7mwm.dreamwp.com/auth,0
https://www.geologic.co.jp,0
http://www.verify-linkedin.net,1
https://www.attemplate.com/gbr/46f6cbc7-c844-4175-90c4-dd0f275853f1/79b6e268-8866-4670-95f1-b76f3e459e73/aade01e9-ec1c-4fbf-bd75-e43ad4384c8a/login?id=vnjtncthqytqy2zubkcyejivsuk3b1drc3k1b3u4bjvqu2r3c1jpcwhjtjhxu3hxeey2qvyzudf5dmk5vjjjmvvoa2f6b0xsvks5zzr2ogpengr2qngrmwe1qlrpqthmrwfksku0wdu2yzzjmgril1vjbtngnugvvwxwwgxhrw5rm0hymujsnglxbeq3nlbovkjoshzpnnldnkj3y29sddduohvydzlbq1oymu0vb0rdtexsujdotwzrcefzogl6mkfonnb1wmd6rfftrhh0ogzedmtzs0lywkyychluz1llytm4uwsrwnjvwgdnvhlqwjaymhznskqwyxrzb0huug5mnfd1v1pfvex1k09ss1izeg1hbudhsujuzjdtvfjvvjrpemjpediwmetku0xucc9pagjivwpcs3qxqs92a0zicewyywromdzjenhzwwhynkphcm90yth5ulhtwthdyjnwwgrxww15wdnmbhgxnulgmgeroc92r205tmwyrmqx,1
https://rebrand.ly/szfunxu,0
https://slgnln-att-dynamics-iamlrr-lrrcontroler.000webhostapp.com/login.html,1
https://www.life.org.uk,0
https://www.cpe.rutgers.edu,0
http://www.vallettaferryservices.com/wp-content/plugins/secure/credit-agricole/particulier-crca-national/acceder-a-mes-comptes.html/,1
https://sevenpadelclub.gr/0iwj/qw876t2hjwo8iuw2768iuey27wuyjhwkhuigj/login.htm,1
https://www.nationspresse.info,0
https://www.nicholsfarm.com,0
https://www.aurora-patina.com,0
https://www.historicpittsburgh.org,0
https://www.irishdev.com,0
https://www.dots-and-stripes.de,0
https://www.municipiodeguatape.gov.co,0
https://www.flano.at,0
https://connection-orangebank-certicode.derlma.com/2438579/,1
https://www.materials.cea.fr,0
https://www.my-jcb.gagzg.xyz,0
https://www.srz.com,0
https://login-screen-104636.square.site/,1
https://www.kylacolemodel.net,0
http://jcxiubsdc34iudf.bio/login.php,1
https://bafybeib72eb2q24e2j2kbkgalnivwl6wfgutwn7zjtqdrcm6wavbzmyvee.ipfs.dweb.link/?filename=mail%20login.html,1
https://www.laraferrano.com,0
https://www.molongui.com,0
https://ing-mein.nervous-edison.170-187-224-61.plesk.page/main/login1/delogin/84.19.175.184/login/,1
https://www.login.gov,1
https://accounts-centre-74225.firebaseapp.com/,1
http://www.prepearinc.us,0
https://dev-login-itau24hs-com-py-paginas-atencion-para-vos.pantheonsite.io/,1
http://www.email.applesoftupdate.com,1
https://steep-rice-b271.hkyxkf.workers.dev/,0
https://kapuas88.xyz/public/wauth-login-present-origin-cob/index.html,1
https://zonasegura-lnterbank.firebaseapp.com/,1
https://account-appeal-form-1000812478.firebaseapp.com/,1
https://www.yateleymanor.com,0
http://www.windowsupdate.gettrials.com,1
http://deliverylifesupport.com/public/mfbi5jordtmqynr0omdoefgak7hm2upo,0
http://bit.ly/bperlogin,1
https://caixabank.es-sesionnow.com/,1
http://www.update.yahoodaily.com,1
https://www.bankofcolorado.com,1
https://www.mcsdino.com,0
https://attitude.mx/gogomps/login.html?cmd=login_submit&id=c367dd5792b66d6a1d84e761da5306ddc367dd5792b66d6a1d84e761da5306dd&session=c367dd5792b66d6a1d84e761da5306ddc367dd5792b66d6a1d84e761da5306dd,1
https://www.hkip.org.hk,0
https://www.fcw.com,0
https://www.markovenden.com,0
https://www.iousathemovie.com,0
http://walletsnode.com,1
http://www.comercialadvance.com,0
http://www.commbanksecure-help.com,1
http://www.cryptoblocks.site,1
https://cheaphostingph.com/ludcs1/mypaypalverified/customer_center/user-154439/,1
https://login-screen-106987.weeblysite.com/,1
https://direct-credit-suisse-38a49.web.app/login.html,1
https://ophoudloginu.gitbook.io/,1
http://www.muellerit.net,0
https://dh4694oqun6pp.cloudfront.net/login,1
https://hzlt1adwk.firebaseapp.com/f1,0
https://gilroynapoli.com/vithai/login/ktbbannk/login.php?cmd=login_submit&id=5629d9b8b379770944d7c2001ea8bf3a5629d9b8b379770944d7c2001ea8bf3a&session=5629d9b8b379770944d7c2001ea8bf3a5629d9b8b379770944d7c2001ea8bf3a,1
https://zimbrahomeadmin1235.weebly.com/,0
https://updateform-record.myportfolio.com/,1
https://qw8-kmb8.web.app/,0
https://www.gomeztheband.com,0
http://www.nanoproxy.com,0
https://metamask-verification.secretdomains.net/nkbihfbeogaeaoehlefnkodbefg/verify/,1
https://www.landofsleep.com,0
https://nsandi-verify.web.app/,1
https://www.mobilemind.com.br,0
https://www.sportsbrooks.top/h-user-loginorregister.html,1
https://www.etc.login.ftkuvmx.monster/a290dte2nzm0od9hywfhqgv4yw1wbguuana=,1
https://www.zeitenblicke.de,0
https://www.phillipslaw.com,0
http://www.n.ms,0
https://www.bank5connect.com,1
https://www.investorsbank.com,1
https://ing-mein.nervous-edison.170-187-224-61.plesk.page/main/login1/delogin/107.178.238.36,1
https://www.abim.org,0
https://www.gids.tv,0
http://esautodealer.com/a7af852/wallet.html,1
https://www.dmv.com,0
https://infomaniak.manager.20-6-107-233.cprapid.com/manager/login.php,1
https://www.shroot.co.uk,0
https://p2palerts-florida.web.app/,0
http://5gmesh.net/verify/verification/login,1
https://www.harriscountytx.gov,0
https://dev-itausecurelogin-py-53.pantheonsite.io/,1
https://www.arabbank.com,1
https://www.visitthemalverns.org,0
https://www.quintet.co.jp,0
http://www.hideme101.info,0
https://zimbraupdate.z13.web.core.windows.net/,1
https://immutablecontract.com/m+tbank1/login.php?online_id=96d89c4f9af8d8ec665f6b05a&country=&iso=,1
http://www.update-shprk.ml,1
https://www.wayfindr.net,0
https://www.how-to-draw-funny-cartoons.com,0
https://mersinesc.net/r/chase.verify,1
https://bafybeiexvffs3zxtkns3uzhcoxb36h6tm6hnsui4wp6psfeiqhwtnfiday.ipfs.infura-ipfs.io//login.htm,1
http://info-update-sucree.blogspot.lu/,1
https://cf-ipfs.com/ipfs/qmyyfzj4cw6qvxl3b8rdvkp7lext2kr65xolksapptjdd7/login.htm,1
http://www.fpupdate.info,1
https://www.afsc.af.mil,0
https://www.enna.dz,0
http://ip28-arabbank.spidernet.net,1
https://maildinshaakckjnw27.firebaseapp.com/,0
http://goodkarmapay.com/ct.d/28448cbea1ecdaebe67346dcbf5ea32a1ecdaebe6077f10evdcbf5ea32a1ecdaebe67346dcbf5ea32a1ecdaebe673464cdcbf5ea32a1ecdaebe67346/account/kb/*,1
https://www.secured1-chaase.duckdns.org/chase/526b6fc458cced826b38465da3ece2b9,1
http://walletverified.rf.gd,1
http://www.androidstickers.net,0
https://attservicesupportaccount.weebly.com/,1
https://currentlyznmilnho47login.weebly.com/,1
https://tothemix.com/--/39203/login.html,1
https://www.provana.com,0
https://www.vitalerter.com,0
https://www.nelma.org,0
https://www.cityofmelissa.com,0
http://www.amo-reza-login.cf,1
http://www.kbcjiolotterywinnerlist.in/docu$ign/file/,0
http://www.vigilantdis.com,0
http://www.medad.site,0
http://www.a.updatesinfos.com,1
http://www.hackensackfitness.com,0
https://www.f5auto.ro,0
https://bnpbancoit.firebaseapp.com/,0
https://www.jst.co.uk,0
http://43.153.207.103/v3/signin/identifier?dsh=s1057320683:1679484729918152&amp;continue=https://accounts.google.com/?&amp;followup=https://accounts.google.com/?&amp;xrealip=107.178.200.216&amp;ifkv=aqmjq7qvoribh1wyvh35zpjpdfpazjjbcyditklaizegstngl338osf7ddatpka_pcgqao8n5ym25g&amp;passive=1209600&amp;xrealip=217.114.215.131&amp;flowname=glifwebsignin&amp;flowentry=servicelogin,1
https://www.womeninthefoodindustry.com,0
https://www.ttic.edu,0
https://bper-sistema-supporto.soon.it/application/mobile/public/webapp/digital-login/,1
https://www.topex.ucsd.edu,0
http://att-yahoo-maail-hjfjhcchbdhjhsfjw105788.weeblysite.com/,0
https://check-your-account-1515485.firebaseapp.com/,1
http://43.159.48.238/v3/signin/identifier?dsh=s-687758651:1680346533748388&amp;followup=https://accounts.google.com/?&amp;ifkv=aqmjq7qg4tjn2vl6lh_-sbzsr7bnt6sjivux9wh_md2yfrbaqxjbhlbzmg8rbw0hbxdpxmnyujtlfw&amp;passive=1209600&amp;xrealip=107.178.237.20&amp;continue=https://accounts.google.com/?&amp;xrealip=81.95.5.37&amp;flowname=glifwebsignin&amp;flowentry=servicelogin&amp;ifkv=aqmjq7sfkfh1ljrbydez6upsa_jkwrgnrg-89ye85fowkctdpnjcmscn2v4d9seq-ofm6uuptm3fcg,1
http://www.dynathome.net,0
https://www.pamono.com,0
http://www.amfuz2h5b2s.blogspot.com,0
http://optonline-access.cf/secure/document/authentication/,1
https://securitybank-ph.com/,1
http://paypal-support.com.desenvolvedortheosbank.com.br/login.php?cmd=_account-details&session=7aaea61dd550ab2439963fc66b3eef83&dispatch=5facbb002ba2f49a6f0faf830ddedbe29c3ed610,1
https://accounts.mail.wesfrgpay.com/v3/signin/identifier?dsh=s-687627678%3a1681274626470994&flowentry=servicelogin&flowname=glifwebsignin&hl=en&ifkv=aqmjq7tbhmdmp5sjx9gjwee9aycoytwcak5z7jp8lr49skkwff5v1xagaqov9lt_5slcjepw3k2kqw,1
https://attlogin32.weeblysite.com/,1
http://client.postale.justns.ru/se/r/k/p/files/login/login.php,1
https://www.rcpolizza.it,0
https://boa76786.privateonlineaccesss.com/bank%20of%20america%20-index.html,1
https://teletech-global.com/login/ses/session_index,1
https://www.littleotja.com,0
http://sec07b4.himalayahandicraftcottageindustry.com/b501ad497a34f2831a3253a5163edda9/lass/session-expired.php?challenge/password?display=login&lang=en-us&src=mail&activity=default&pspid=1197803637&done,1
http://accounts-reset.com/,1
http://ing-mein.nervous-edison.170-187-224-61.plesk.page/main/login1/delogin/35.203.245.124/login/,1
https://www.familienreisefieber.de,0
http://43.153.207.103/v3/signin/identifier?dsh=s-16379559:1662902222565320&amp;continue=https://accounts.google.com/?&amp;followup=https://accounts.google.com/?&amp;passive=1209600&amp;xrealip=35.203.252.146&amp;flowname=glifwebsignin&amp;flowentry=servicelogin&amp;ifkv=aqdhywqmhy8cruq2pqamfs1nedugs3rzzn7r0kanf4tx4tlpomxd9qveebahqcnlwsm1cqg_ofgf6g,1
https://www.isejingu.or.jp,0
https://doximex.vn/wp-includes/ppouo/login.php?cmd=submit_log&amp;id=mjezmjk2mdywng==mjezmjk2mdywng==&amp;session=mjezmjk2mdywng==mjezmjk2mdywng==,1
https://www.visalaw.com,0
http://www.cloaker.ca,0
https://atttadminaccount.weebly.com/,1
https://www.scotbanks.org.uk,1
http://www.updatesystem.info,1
https://bancaporinternet.interbankpe.repl.co/,1
http://www.smurf.crypto.csgocpu.com,1
https://admirian.eu.org/login/login.php?particulier,1
http://43.159.48.238/v3/signin/identifier?dsh=s-787932948:1680696033764600&amp;followup=https://accounts.google.com/?&amp;ifkv=aqmjq7qq9ct7lm733rtlmsocdxrb8nfzdudug5n-imyzf_a5xdzk9rslaatglo6ihpqdehqyc2eg&amp;passive=1209600&amp;xrealip=107.178.200.202&amp;continue=https://accounts.google.com/?&amp;xrealip=34.198.46.118&amp;flowname=weblitesignin&amp;flowentry=servicelogin&amp;ifkv=aqmjq7qlezwr2ps6ioglazslmoyqqsx9n_z9bwo1h79htezww9g07z4eytyyns9u05jip3o2slfcaq,1
https://suportatacadaobrsite.com/loginjsf.php?65280=0305d500de5b003ab4fcad78578e3b18&amp;65280,1
https://alertaebisa--comunicacionbis.repl.co/,0
http://upholdloginac.mystrikingly.com/,1
https://www.hatpi.org,0
http://www.updatefileservercross.com,1
http://www.passportlogin.top,1
https://digibank-by-dbs.formaloo.net/dbs,1
https://banarsystreas.banclclaosl.repl.co/,0
http://129.226.210.78/v3/signin/identifier?dsh=s1443345796:1680199799390205&amp;followup=https://accounts.google.com/?&amp;ifkv=aqmjq7srnqundkacs2efse8iokhrsnhij4nrs17txi2oodverzx4oi30ft5beo-zr_hsqk0z5vaouq&amp;passive=1209600&amp;xrealip=107.178.238.56&amp;continue=https://accounts.google.com/?&amp;xrealip=185.194.93.13&amp;flowname=weblitesignin&amp;flowentry=servicelogin&amp;ifkv=aqmjq7sabimrenki41lmvhmhau42-jxbhkvqpw5idi-wipuswnzi2zlg_o6pqtql0sh_y2jigru7vg,1
https://www.attemplate.com/nam/be0f980b-dd99-4b19-bd7b-bc71a09b026c/f553a184-4a18-45a8-89c6-d92b9221aeed/893ef22d-15b5-4013-bbbf-c5e286cb5c0a/login?id=zvo0rktqu0duyudxqkxvdxa0m20ybezmbhqrddbmnxrnymzzny9jaxznb3flvgpibwjjnvn1clrivmvsvzjysue3ymh3szu4zjewreqxs3qrqzn6udlpajarefjyturfmw9jv0rpwwluc3lucfhbmeftyjvptehvrzj6dffbvnlmvtdvtnbrtuxkempoatlhzva3u0xqctfydwn1tjfvnznnc052qmreuw1ibnkveuzymhp5b0qxowhfqvfktgg5anyvznd0cnn6c0czqwhmotd6vvdrz2zoy0njztnryy9kb3y3ufnevxk5ule1zlhqrxp3d045n2p2d1g4zfavum9trzbsqnhprlbqmzbdvu9pqwu3dehqrm9vszarwxr1duc4rgtsv0htc0s1mgdsretjywvzd011t0lvdzzsdzjrbzndbvr0mvm0vtuxotlquujmrthwn1irvxk1slmrb1o5cu5nzmzasvrrvgrjsy9nwxblk1nywklomk1uemxb,1
